name,type,format,description,example,enum,minLength,maxLength,minimum,maximum,pattern,deprecated,fit_gap_status,local_term,local_kind,local_domain,local_range
EMSNumber,string,,The emergency schedule identified in the IMO EmS Guide – Emergency Response Procedures for Ships Carrying Dangerous Goods. Comprises 2 values; 1 for spillage and 1 for fire. Possible values spillage: S-A to S-Z. Possible values fire: F-A to F-Z.,F-A S-Q,,,7,,,,False,missing,,,,
HSCode,string,,Used by customs to classify the product being shipped. The type of HS code depends on country and customs requirements. The code must be at least 6 and at most 10 digits. More information can be found here: [HS Nomenclature 2022 edition](https://www.wcoomd.org/en/topics/nomenclature/instrument-and-tools/hs-nomenclature-2022-edition/hs-nomenclature-2022-edition.aspx ). This standard is based on the 2022 revision.,851713,,6,10,,,"^\d{6,10}$",False,present,hsCode,datatype_property,Commodity,string
ISOEquipmentCode,string,,Unique code for the different equipment size and type used to transport commodities. The code can refer to either the ISO size type (e.g. 22G1) or the ISO type group (e.g. 22GP) following the [ISO 6346](https://en.wikipedia.org/wiki/ISO_6346) standard.,22GP,,,4,,,^\S+(\s+\S+)*$,False,present,isoEquipmentCode,datatype_property,Container,string
UNLocationCode,string,,The UN Location code specifying where the place is located. The pattern used must be - 2 characters for the country code using [ISO 3166-1 alpha-2](https://www.iso.org/obp/ui/#iso:pub:PUB500001:en) - 3 characters to code a location within that country. Letters A-Z and numbers from 2-9 can be used More info can be found here: [UN/LOCODE](https://unece.org/trade/cefact/UNLOCODE-Download),FRPAR,,5,5,,,^[A-Z]{2}[A-Z2-9]{3}$,False,present,unLocationCode,datatype_property,Location,string
UNLocationName,string,,The name of the UN Location identified by the UN location code above.,New York,,,70,,,^\S+(\s+\S+)*$,False,missing,,,,
additionalContainerCargoHandling,string,,Text field to provide cargo handling information already known at the booking stage.,To be handled with extreme care,,,255,,,,False,missing,,,,
addressLine,string,,A single address line to be used when a B/L needs to be printed.,Kronprincessegade 54,,,35,,,,False,missing,,,,
addressLineNumber,integer,int32,The order of items,1,,,,1,,,False,missing,,,,
addressName,string,,Name of the address,Henrik,,,100,,,^\S+(\s+\S+)*$,False,missing,,,,
airExchangeSetpoint,number,float,Target value for the air exchange rate which is the rate at which outdoor air replaces indoor air within a Reefer container,15.4,,,,0,,,False,missing,,,,
airExchangeUnit,string,,The unit for `airExchange` in metrics- or imperial- units per hour - MQH (Cubic metre per hour) - FQH (Cubic foot per hour) **NB:** This is a conditional field. If `airExchange` is specified then this field is required,MQH,MQH|FQH,,,,,,False,missing,,,,
amendToTransportDocument,string,,"This field can be used to reference a Transport Document that is issued (documentStatus = `ISSU`) in order to amend or request changes. `AmendToTransportDocument` is used in Electronic Bill of Lading IFS ""UseCase 10 - Request amendments to Transport Document"". There is no difference between `amendToTransportDocument` and `transportDocumentReference` in the IFS. **The field cannot be modified once set.**",HHL51XX80YY,,,20,,,^\S+(\s+\S+)*$,False,missing,,,,
amsFilingDueDate,string,date,Date when AMS filing should latest be done in the last port of call before visiting the first US port.,2021-09-03,,,,,,,False,missing,,,,
arrivalNoticeReference,string,,A set of unique characters provided by carrier to identify an Arrival Notice,ABC709951,,,100,,,^\S+(\s+\S+)*$,False,missing,,,,
bargeCallSignNumber,string,,"A unique alphanumeric identity that belongs to the barge and is assigned by the International Telecommunication Union (ITU). It consists of a threeletter alphanumeric prefix that indicates nationality, followed by one to four characters to identify the individual vessel. For instance, vessels registered under Denmark are assigned the prefix ranges 5PA-5QZ, OUAOZZ, and XPA-XPZ. The Call Sign changes whenever a barge changes its flag.",NCVV,,,10,,,,False,present,bargeCallSignNumber,datatype_property,BargeTransportCall,string
bargeFlag,string,,The flag of the nation whose laws the barge is registered under. This is the [ISO 3166 two-letter country code](https://www.iso.org/obp/ui/#iso:pub:PUB500001:en),DE,,,2,,,^[A-Z]{2}$,False,present,bargeFlag,datatype_property,BargeTransportCall,string
bargeName,string,,The name of the Barge. If the name is not known `TBD` (To Be Decided) should be used,King of the Seas,,,35,,,^\S+(\s+\S+)*$,False,present,bargeName,datatype_property,BargeTransportCall,string
bargeOperatorCarrierCode,string,,The carrier who is in charge of the Barge operation based on either the SMDG or SCAC code lists,MAEU,,,10,,,^\S+(\s+\S+)*$,False,present,bargeOperatorCarrierCode,datatype_property,BargeTransportCall,string
bargeOperatorCarrierCodeListProvider,string,,Identifies the code list provider used for the barge operator carriercodes. Possible values are: - SMDG (Ship Message Design Group) - NMFTA (National Motor Freight Traffic Association),NMFTA,SMDG|NMFTA,,,,,,False,present,bargeOperatorCarrierCodeListProvider,datatype_property,BargeTransportCall,string
bookingChannelReference,string,,"Identification number provided by the platform/channel used for booking request/confirmation, ex: Inttra booking reference, or GTNexus, other. Conditional on booking channel being used",Inttra reference,,,20,,,^\S+(\s+\S+)*$,False,missing,,,,
bookingRequestDateTime,string,date-time,The date and time when the booking was created,2021-11-03T09:41:00-08:30,,,,,,,False,present,bookingRequestDateTime,datatype_property,Booking,dateTime
bookingUpdatedDateTime,string,date-time,Last date and time when the booking was updated,2021-11-03T09:41:00-08:30,,,,,,,False,present,bookingUpdatedDateTime,datatype_property,Booking,dateTime
calculationBasis,string,,"The code specifying the measure unit used for the corresponding unit price for this cost, such as per day, per ton, per square metre.",Per day,,,50,,,^\S+(\s+\S+)*$,False,missing,,,,
cargoGrossVolume,number,float,The grand total volume of the commodity,120.0,,,,0,,,False,missing,,,,
cargoGrossWeight,number,float,"The grand total weight of the cargo and weight per container(s) including packaging items being carried, which can be expressed in imperial or metric terms, as provided by the shipper. Excludes the tare weight of the container(s).'",12000.0,,,,0,,,False,present,cargoGrossWeight,datatype_property,Shipment,decimal
cargoMovementTypeAtDestination,string,,Refers to the shipment term at the unloading of the cargo out of the container. Options are defined in the Cargo Movement Type entity. Possible values are: - `FCL` (Full Container Load) - `LCL` (Less than Container Load),FCL,,,3,,,,False,missing,,,,
cargoMovementTypeAtOrigin,string,,Refers to the shipment term at the loading of the cargo into the container. Options are defined in the Cargo Movement Type entity. Possible values are: - `FCL` (Full Container Load) - `LCL` (Less than Container Load),FCL,,,3,,,,False,missing,,,,
carrierBookingReference,string,,A set of unique characters provided by carrier to identify a booking.,ABC709951,,,35,,,^\S+(\s+\S+)*$,False,present,carrierBookingReference,datatype_property,Booking,string
carrierBookingRequestReference,string,,A reference to the booking during the booking request phase,24595eb0-5cfc-4381-9c3a-cedc1975e9aa,,,,,,^\S+(\s+\S+)*$,False,missing,,,,
carrierCode,string,,The code containing the SCAC and/or the SMDG code to specify the issuing carrier. Details about the issuer can be given in the Document Parties entity using the party function code MS.,MMCU,,,4,,,^\S+$,False,present,carrierCode,datatype_property,Booking,string
carrierCodeListProvider,string,,The provider used for identifying the issuer Code. Possible values are: - SMDG (Ship Message Design Group) - NMFTA (National Motor Freight Traffic Association) _includes SPLC (Standard Point Location Code)_,NMFTA,SMDG|NMFTA,,,,,,False,missing,,,,
carrierExportVoyageNumber,string,,The identifier of an export voyage. The carrier-specific identifier of the export Voyage.,2103S,,,50,,,^\S+(\s+\S+)*$,False,missing,,,,
carrierImportVoyageNumber,string,,The identifier of an import voyage. The carrier-specific identifier of the import Voyage.,2103N,,,50,,,^\S+(\s+\S+)*$,False,missing,,,,
carrierLocationReference,string,,A carrier specific reference to location.,123e4567-e89b-12d3-a456-426614174000,,,100,,,^\S+(\s+\S+)*$,False,missing,,,,
carrierServiceCode,string,,The carrier-specific code of the service for which the schedule details are published.,FE1,,,11,,,^\S+(\s+\S+)*$,False,missing,,,,
carrierServiceName,string,,The name of a service as specified by the carrier,Great Lion Service,,,50,,,^\S+(\s+\S+)*$,False,missing,,,,
carrierVoyageNumber,string,,The carrier-specific identifier of the Voyage.,2103S,,,50,,,^\S+(\s+\S+)*$,False,missing,,,,
chargeName,string,,Free text field describing the charge to apply,Documentation fee - Destination,,,50,,,^\S+(\s+\S+)*$,False,missing,,,,
chargeTypeCode,string,,Description of the charge type applied.,DDF,OCFR|OTHC|DTHC|ODF|DDF,,4,,,,False,missing,,,,
cityName,string,,The city name of the party’s address.,Amsterdam,,,65,,,^\S+(\s+\S+)*$,False,missing,,,,
clauseContent,string,,The content of the clause.,It is not allowed to...,,,20000,,,^\S+(\s+\S+)*$,False,missing,,,,
co2Setpoint,number,float,The percentage of the controlled atmosphere CO<sub>2</sub> target value,25,,,,0,100,,False,missing,,,,
codedVariantList,string,,"Four-character code supplied by Exis Technologies that assists to remove ambiguities when identifying a variant within a single UN number or NA number that may occur when two companies exchange DG information. Character | Valid Characters | Description :--------:|------------------|------------ 1| 0, 1, 2, 3|The packing group. Code 0 indicates there is no packing group 2|0 to 9 and A to Z|A sequence letter for the PSN, or 0 if there were no alternative PSNs 3 and 4|0 to 9 and A to Z|Two sequence",2200,,,,,,^[0-3][0-9A-Z]{3}$,False,missing,,,,
commodityType,string,,"High-level description of goods to be shipped which allow the carrier to confirm acceptance and commercial terms. To be replaced by ""description of goods"" upon submission of `Shipping Instructions`",Mobile phones,,,550,,,^\S+(\s+\S+)*$,False,missing,,,,
communicationChannelCode,string,,Specifying which communication channel is to be used for this booking e.g. Possible values are: - EI (EDI transmission) - EM (Email) - AO (API),AO,,,2,,,,False,missing,,,,
competentAuthorityApproval,string,,Name and reference number of the competent authority providing the approval.,{Name and reference...},,,70,,,^\S+(\s+\S+)*$,False,missing,,,,
confirmedEquipmentUnits,integer,int32,Number of confirmed equipment units,3,,,,1,,,False,missing,,,,
contactName,string,,Name of the contact,Henrik,,,100,,,^\S+(\s+\S+)*$,False,missing,,,,
contactPhone,string,,Phone number for the contact,+45 70262970,,,30,,,^\S+(\s+\S+)*$,False,missing,,,,
containerDepositAmount,number,float,A specified amount that the importer is made to pay as a guarantee for the return of the container after the goods in it have been stripped. A maximum of 2 digits should be provided,1012.12,,,,0,,,False,missing,,,,
containerInspectionBodyIdentifier,string,,Name of the person/company that performed the container inspection,Henrik,,,255,,,,False,missing,,,,
containerInspectionCertificateNumber,string,,Number of the container inspection certificate.,2200,,,100,,,,False,missing,,,,
contractQuotationReference,string,,Information provided by the shipper to identify whether pricing for the shipment has been agreed via a contract or a quotation reference. Mandatory if service contract (owner) is not provided.,HHL1401,,,35,,,^\S+(\s+\S+)*$,False,missing,,,,
country,string,,The country of the party’s address.,The Netherlands,,,75,,,^\S+(\s+\S+)*$,False,missing,,,,
countryCode,string,,The 2 characters for the country code using [ISO 3166-1 alpha-2](https://www.iso.org/obp/ui/#iso:pub:PUB500001:en),DK,,2,2,,,^[A-Z]{2}$,False,missing,,,,
currencyAmount,number,float,"The monetary value of all freight and other service charges for a transport document, with a maximum of 2-digit decimals.",1012.12,,,,0,,,False,missing,,,,
currencyCode,string,,"The currency for the charge, using a 3-character code ([ISO 4217](https://en.wikipedia.org/wiki/ISO_4217)).",DKK,,,3,,,^[A-Z]{3}$,False,missing,,,,
customsImportDeclarationProcedure,string,,Instruction on the administrative processes for submitting tax & duties declarations to the local customs agency,The tax must be declared...,,,500,,,^\S+(\s+\S+)*$,False,missing,,,,
cutOffDateTime,string,date-time,Actual cut-off time,2019-11-12T07:41:00-08:30,,,,,,,False,present,cutOffDateTime,datatype_property,CutOffTime,dateTime
cutOffDateTimeCode,string,,Code for the cut-off time. Possible values are: - `DCO` (Documentation cut-off) - `VCO` (VGM cut-off) - `FCO` (FCL delivery cut-off) - `LCO` (LCL delivery cut-off) - `ECP` (Empty container pick-up date and time) - `EFC` (Earliest full-container delivery date) **LCO Condition:** only when the `Receipt Type at Origin` is `CFS`,DCO,,,3,,,,False,missing,,,,
dateRange,string,iso8601,The time period for which schedule information is sent. The duration is populated in [ISO 8601](https://en.wikipedia.org/wiki/ISO_8601) Duration format.,P4W,,,,,,,False,missing,,,,
declaredValue,number,float,"The value of the cargo that the shipper declares to avoid the carrier's limitation of liability and ""Ad Valorem"" freight, i.e. freight which is calculated based on the value of the goods declared by the shipper.",1231.1,,,,0,,,False,missing,,,,
declaredValueCurrency,string,,"The currency used for the declared value, using the 3-character code defined by [ISO 4217](https://en.wikipedia.org/wiki/ISO_4217).",DKK,,,3,,,^[A-Z]{3}$,False,missing,,,,
delayReasonCode,string,,Reason code for the delay. See SMDG [Code list DELAY](https://smdg.org/documents/smdg-code-lists/delay-reason-and-port-call-activity/) for a list of valid codes to be used for this attribute.,WEA,,,3,,,^\S+(\s+\S+)*$,False,missing,,,,
deliveryInstructionReference,string,,A set of unique characters provided by carrier to identify a Delivery Instruction,ABC709951,,,100,,,^\S+(\s+\S+)*$,False,missing,,,,
deliveryOrderReference,string,,A set of unique characters provided by carrier to identify a Delivery Order,ABC709951,,,100,,,^\S+(\s+\S+)*$,False,missing,,,,
deliveryTypeAtDestination,string,,Indicates the type of service offered at Destination. Options are defined in the Receipt/Delivery entity. - CY (Container yard (incl. rail ramp)) - SD (Store Door) - CFS (Container Freight Station),CY,CY|SD|CFS,,3,,,,False,present,deliveryTypeAtDestination,datatype_property,Booking,string
demurrageAmount,number,float,"A per-day fee paid by consignee to carrier after expiry of freetime for storing a full container at the equipment handling facility (i.e., terminal or railhead). Fee relates to the cargo, inside the container. Reference to carrier website or individual charge as per service contract/agreement",150.0,,,,0,,,False,missing,,,,
demurrageFreetime,number,,The number of days that the consignee has to pick up the full container before demurrage fees are charged. Reference to carrier website or individual charge as per service contract/agreement.,7,,,,0,,,False,missing,,,,
descriptionOfGoods,string,,The cargo description are details which accurately and properly describe the cargo being shipped in the container(s) as provided by the shipper.,300 boxes of blue shoes size 47,,,5000,,,^\S+(\s+\S+)*$,False,missing,,,,
destinationChargesPaymentTermCode,string,,"An indicator of whether destination charges are prepaid (PRE) or collect (COL). When prepaid, the charges are the responsibility of the shipper or the Invoice payer on behalf of the shipper (if provided). When collect, the charges are the responsibility of the consignee or the Invoice payer on behalf of the consignee (if provided). Examples of destination charges are customs clearance fees, documentation fees, terminal handling fees at the destination port and the costs of inland transportation ",PRE,PRE|COL,,,,,,False,missing,,,,
detentionAmount,number,float,A per-day fee paid by consignee to carrier for holding ('detaining') a container upon release from the carrier facility. Fee relates to the use of equipment whether full or empty. Reference to carrier website or individual charge as per service contract/agreement.,150.0,,,,0,,,False,missing,,,,
detentionFreetime,number,,The number of days that the consignee has to pick up or return the empty container before detention fees are charged. Reference to carrier website or individual charge as per service contract/agreement.,7,,,,0,,,False,missing,,,,
dgGrossWeight,number,float,"The grand total weight of the DG cargo and weight per UNNumber/NANumber including packaging items being carried, which can be expressed in imperial or metric terms, as provided by the shipper.",12000.0,,,,0,,,False,missing,,,,
dgRemarks,string,,To provide additional information,,,,500,,,,False,missing,,,,
dgVolume,number,float,The volume of the referenced dangerous goods.,2.4,,,,,,,False,missing,,,,
dimensionUnit,string,,The unit of measure which can be expressed in - MTR (Meter) - FOT (Foot),MTR,MTR|FOT,,,,,,False,missing,,,,
displayedName,string,,A line of the address to be displayed on the transport document.,,,,35,,,,False,missing,,,,
documentReferenceNumber,string,,A unique number allocated by the shipping line to the transport document and the main number used for the tracking of the status of the shipment.,H50030001L,,,20,,,^\S+(\s+\S+)*$,False,missing,,,,
documentStatus,string,,The status of the document in the process. Possible values are: - RECE (Received) - DRFT (Drafted) - PENA (Pending Approval) - PENU (Pending Update) - PENC (Pending Confirmation) - CONF (Confirmed) - REJE (Rejected) - APPR (Approved) - ISSU (Issued) - SURR (Surrendered) - SUBM (Submitted) - VOID (Void) - CANC (Cancelled) - CMPL (Completed),DRFT,RECE|DRFT|PENA|PENU|PENC|CONF|REJE|APPR|ISSU|SURR|SUBM|VOID|CANC|CMPL,,,,,,False,present,documentStatus,datatype_property,TransportDocument,string
email,string,,`E-mail` address to be used,info@dcsa.org,,,100,,,^.+@\S+$,False,missing,,,,
emptyIndicatorCode,string,,Code to denote whether the equipment is empty or laden.,EMPTY,EMPTY|LADEN,,,,,,False,missing,,,,
endOfHoldingTime,string,date,Date by when the refrigerated liquid needs to be delivered.,2021-09-03,,,,,,,False,missing,,,,
equipmentReference,string,,"The unique identifier for the equipment, which should follow the BIC ISO Container Identification Number where possible. According to [ISO 6346](https://en.wikipedia.org/wiki/ISO_6346), a container identification code consists of a 4-letter prefix and a 7-digit number (composed of a 3-letter owner code, a category identifier, a serial number, and a check-digit). If a container does not comply with [ISO 6346](https://en.wikipedia.org/wiki/ISO_6346), it is suggested to follow [Recommendation #2: C",APZU4812090,,,11,,,^\S+(\s+\S+)*$,False,present,equipmentReference,datatype_property,UtilizedTransportEquipment,string
equipmentSetpointAirExchange,number,float,The value set on the container for the air exchange rate at which outdoor air replaces indoor air within a Reefer,15.4,,,,0,,,False,missing,,,,
equipmentSetpointAmbientTemperature,number,float,The value of the ambient temperature set for the Reefer.,-15,,,,,,,False,missing,,,,
equipmentSetpointCo2,number,float,The percentage value of the controlled atmosphere `CO<sub>2</sub>` set for the Reefer,75.3,,,,0,100,,False,missing,,,,
equipmentSetpointHumidity,number,float,The percentage value of the controlled atmosphere humidity set for the Reefer,95.6,,,,0,100,,False,missing,,,,
equipmentSetpointO2,number,float,The percentage value of the controlled atmosphere `O<sub>2</sub>` set for the Reefer,75.3,,,,0,100,,False,missing,,,,
equipmentSetpointTemperature,number,float,The value of the temperature set for the Reefer,-15,,,,,,,False,missing,,,,
etaAtPlaceOfDeliveryDateTime,string,date-time,The date of expected time of arrival of the shipment at place of delivery. **Condition**: Only when onward transport is done by the carrier to either an inland point or Door address.,2021-11-03T10:23:00-01:00,,,,,,,False,missing,,,,
etaAtPortOfDischargeDateTime,string,date-time,The date of expected time of arrival of the vessel at the Port of Discharge.,2021-11-03T10:23:00-01:00,,,,,,,False,missing,,,,
eventComment,string,,An additional Comment to a timestamp that can be shared with the receiver party.,Delay due to bad weather,,0,250,,,^\S+(\s+\S+)*$,False,missing,,,,
eventLocationDateTime,string,date-time,A date when the event is taking place at the location,2021-11-03T10:23:00-01:00,,,,,,,False,missing,,,,
expectedArrivalAtPlaceOfDeliveryEndDate,string,date,"The end date (provided as a range together with `expectedArrivalAtPlaceOfDeliveryStartDate`) for when the shipment is expected to arrive at final destination. If vessel/voyage or `expectedDepartureDate` is not provided, this is mandatory together with `expectedArrivalAtPlaceOfDeliveryStartDate`",2021-05-19,,,,,,,False,missing,,,,
expectedArrivalAtPlaceOfDeliveryStartDate,string,date,"The start date (provided as a range together with `expectedArrivalAtPlaceOfDeliveryEndDate`) for when the shipment is expected to arrive at final destination. If vessel/voyage or `expectedDepartureDate` is not provided, this is mandatory together with `expectedArrivalAtPlaceOfDeliveryEndDate`",2021-05-17,,,,,,,False,missing,,,,
expectedDepartureDate,string,date,"The date when the shipment is expected to be loaded on board a vessel as provided by the shipper or its agent. If vessel/voyage or expected date of arrival is not provided, this is mandatory",2021-05-17,,,,,,,False,missing,,,,
exportDeclarationReference,string,,A government document permitting designated goods to be shipped out of the country. Reference number assigned by an issuing authority to an Export License. The export license must be valid at time of departure. Required if Export declaration required is ‘True’.,ABC123123,,,35,,,^\S+(\s+\S+)*$,False,missing,,,,
exportLicenseExpiryDate,string,date,Expiry date of the export license applicable to the booking. Mandatory to provide in booking request for specific commodities.,2021-05-21,,,,,,,False,missing,,,,
exportLicenseIssueDate,string,date,Issue date of the export license applicable to the booking. Mandatory to provide in booking request for specific commodities,2021-05-14,,,,,,,False,missing,,,,
exportVoyageNumber,string,,The identifier of an export voyage. The vessel operator-specific identifier of the export Voyage.,2103S,,,50,,,^\S+(\s+\S+)*$,False,missing,,,,
facilityCode,string,,The code used for identifying the specific facility. This code does <b>not</b> include the UN Location Code.,ADT,,,6,,,^\S+(\s+\S+)*$,False,present,facilityCode,datatype_property,Terminal,string
facilityCodeListProvider,string,,The provider used for identifying the facility Code. Some facility codes are only defined in combination with an `UN Location Code` - BIC (Requires a UN Location Code) - SMDG (Requires a UN Location Code),SMDG,BIC|SMDG,,,,,,False,missing,,,,
facilityTypeCode,string,,The code to identify the specific type of facility. - BORD (Border) - CLOC (Customer location) - COFS (Container freight station) - OFFD (Off dock storage) - DEPO (Depot) - INTE (Inland terminal) - POTE (Port terminal) - PBPL (Pilot boarding place) - BRTH (Berth) - RAMP (Ramp) - WAYP (Waypoint),POTE,BORD|CLOC|COFS|OFFD|DEPO|INTE|POTE|PBPL|BRTH|RAMP|WAYP,,,,,,False,present,facilityTypeCode,datatype_property,TransportCall,string
facilityTypeCodeOPR,string,,A specialized version of the facilityCode to be used in Operations events. The code to identify the specific type of facility. - PBPL (Pilot boarding place) - BRTH (Berth) - ANCH (Anchorage Location),BRTH,PBPL|BRTH|ANCH,,,,,,False,present,facilityTypeCodeOPR,datatype_property,Event,string
facilityTypeCodeTRN,string,,The code to identify the specific type of facility. The code indicates which role the facility plays during the `transportCall` or during *stuffing*/*stipping*. - BORD (Border) - CLOC (Customer location) - COFS (Container freight station) - OFFD (Off dock storage) - DEPO (Depot) - INTE (Inland terminal) - POTE (Port terminal) - RAMP (Ramp) - WAYP (Waypoint),POTE,BORD|CLOC|COFS|OFFD|DEPO|INTE|POTE|RAMP|WAYP,,,,,,False,present,facilityTypeCodeTRN,datatype_property,TransportCall,string
finalDestinationExpectedArrivalDate,string,date,"The dates (provided as a range) for when the shipment is expected to arrive at final destination. If vessel/voyage or expected departure date or pick-up date at place of receipt is not provided, this field is mandatory",,,,,,,,False,missing,,,,
firmsCode,string,,A four digit alpha-numeric identifier assigned by U.S. Customs and Border Protection and required to clear customs at the Port of Discharge. **Condition**: Only applicable to imports into USA.,5TY7,,,,,,^[A-Z0-9]{4}$,False,missing,,,,
flashPoint,number,float,Lowest temperature at which a chemical can vaporize to form an ignitable mixture in air. Condition: only applicable to specific hazardous goods according to the IMO IMDG Code amendment version 41-22.,42.0,,,,,,,False,present,flashPoint,datatype_property,Commodity,decimal
floor,string,,The floor of the party’s street number.,N/A,,,50,,,^\S+(\s+\S+)*$,False,missing,,,,
freightPaymentTermCode,string,,"An indicator of whether freight and ancillary fees for the main transport are prepaid (PRE) or collect (COL). When prepaid the charges are the responsibility of the shipper or the Invoice payer on behalf of the shipper (if provided). When collect, the charges are the responsibility of the consignee or the Invoice payer on behalf of the consignee (if provided). - PRE (Prepaid) - COL (Collect)",PRE,PRE|COL,,,,,,False,missing,,,,
fumigationDateTime,string,date-time,Date & time when the container was fumigated,2021-09-03T09:03:00-02:00,,,,,,,False,missing,,,,
humiditySetpoint,number,float,The percentage of the controlled atmosphere humidity target value,95.6,,,,0,100,,False,missing,,,,
imoClass,string,,The hazard class code of the referenced dangerous goods according to the specified regulation. Examples of possible values are: - `1.1A` (Substances and articles which have a mass explosion hazard) - `1.6N` (Extremely insensitive articles which do not have a mass explosion hazard) - `2.1` (Flammable gases) - `8` (Corrosive substances) The value must comply with one of the values in the [DG IMO Class value table](https://github.com/dcsaorg/DCSA-OpenAPI/blob/master/domain/dcsa/reference-data/imocl,1.4S,,,4,,,,False,present,imoClass,datatype_property,Commodity,string
importLicenseReference,string,,"A certificate, issued by countries exercising import controls, that permits importation of the articles stated in the license. Reference number assigned by an issuing authority to an Import License. The import license number must be valid at time of arrival. Required if import license required is ‘True’.",ABC123123,,,35,,,^\S+(\s+\S+)*$,False,missing,,,,
importVoyageNumber,string,,The identifier of an import voyage. The vessel operator-specific identifier of the import Voyage.,2103N,,,50,,,^\S+(\s+\S+)*$,False,missing,,,,
incoTerms,string,,"Transport obligations, costs and risks as agreed between buyer and seller as defined by [ICC](https://iccwbo.org/business-solutions/incoterms-rules/). A list of possible values: - EXW (Ex-Works) - FCA (Free Carrier) - FAS (Free Alongside Ship) - FOB (Free On Board) - CFR (Cost and Freight) - CIF (Cost, Insurance and Freight) - CPT (Carriage Paid To) - CIP (Carriage And Insurance Paid To) - DAP (Delivered At Place) - DPU (Delivered At Place Unloaded) - DDP (Delivered Duty Paid)",FCA,,,3,,,,False,missing,,,,
inhalationZone,string,,The zone classification of the toxicity of the inhalant. Possible values are: - `A` (Hazard Zone A) can be asigned to specific gases and liquids - `B` (Hazard Zone B) can be asigned to specific gases and liquids - `C` (Hazard Zone C) can **only** be asigned to specific gases - `D` (Hazard Zone D) can **only** be asigned to specific gases,A,,1,1,,,,False,missing,,,,
isAMSACIFilingRequired,boolean,,Customs filing for US (AMS) or Canadian (ACI) customs,True,,,,,,,False,missing,,,,
isBulbMode,boolean,,Is special container setting for handling flower bulbs active,True,,,,,,,False,missing,,,,
isCargoProbe1Required,boolean,,Is `Cargo Probe 1 Required` enabled allowing the container to emit temperatures.,True,,,,,,,False,missing,,,,
isCargoProbe2Required,boolean,,Is `Cargo Probe 2 Required` enabled allowing the container to emit temperatures.,True,,,,,,,False,missing,,,,
isCargoProbe3Required,boolean,,Is `Cargo Probe 3 Required` enabled allowing the container to emit temperatures.,True,,,,,,,False,missing,,,,
isCargoProbe4Required,boolean,,Is `Cargo Probe 4 Required` enabled allowing the container to emit temperatures.,True,,,,,,,False,missing,,,,
isColdTreatmentRequired,boolean,,"Indicator whether cargo requires cold treatment prior to loading at origin or during transit, but prior arrival at POD",True,,,,,,,False,missing,,,,
isCompetentAuthorityApprovalProvided,boolean,,Indicates if the cargo require approval from authorities,False,,,,,,,False,missing,,,,
isContainerInspectionCertificateProvided,boolean,,Indicates if the container was inspected and the ensuing inspection certificate has been enclosed to the booking request.,False,,,,,,,False,missing,,,,
isControlledAtmosphereRequired,boolean,,Indicator of whether cargo requires Controlled Atmosphere.,True,,,,,,,False,missing,,,,
isCustomsFilingSubmissionByShipper,boolean,,Indicates whether the shipper will submit the destination customs filing directly. If `false` the shipper requests the carrier to submit the customs filing on their behalf. Mandatory if AMS/ACI filing is required,True,,,,,,,False,missing,,,,
isDrainholesOpen,boolean,,Is drainholes open on the container,True,,,,,,,False,missing,,,,
isElectronic,boolean,,An indicator whether the transport document is electronically transferred.,True,,,,,,,False,present,isElectronic,datatype_property,TransportDocument,boolean
isEmptyUncleanedResidue,boolean,,Indicates if the cargo is residue.,False,,,,,,,False,missing,,,,
isEquipmentSubstitutionAllowed,boolean,,Indicates if an alternate equipment type can be provided by the carrier.,True,,,,,,,False,missing,,,,
isExceptedQuantity,boolean,,Indicates if the dangerous goods can be transported as excepted quantity in accordance with Chapter 3.5 of the IMO IMDG Code.,False,,,,,,,False,missing,,,,
isExportDeclarationRequired,boolean,,Information provided by the shipper whether an export declaration is required for this particular shipment/commodity/destination.,True,,,,,,,False,missing,,,,
isGeneratorSetRequired,boolean,,Indicator whether reefer container should have a generator set attached at time of release from depot,True,,,,,,,False,missing,,,,
isHighValueCargo,boolean,,Cargo value exceeds USD XXX K (carrier specific),True,,,,,,,False,missing,,,,
isHot,boolean,,Indicates if high temperature cargo is shipped.,False,,,,,,,False,missing,,,,
isImportLicenseRequired,boolean,,Information provided by the shipper whether an import permit or license is required for this particular shipment/commodity/destination.,True,,,,,,,False,missing,,,,
isLimitedQuantity,boolean,,Indicates if the dangerous goods can be transported as limited quantity in accordance with Chapter 3.4 of the IMO IMDG Code.,False,,,,,,,False,present,isLimitedQuantity,datatype_property,Commodity,boolean
isMarinePollutant,boolean,,Indicates if the goods belong to the classification of Marine Pollutant.,False,,,,,,,False,present,isMarinePollutant,datatype_property,Commodity,boolean
isNonOperatingReefer,boolean,,If the equipment is a Reefer Container then setting this attribute will indicate that the container should be treated as a `DRY` container. **Condition:** Only applicable if `ISOEquipmentCode` shows a Reefer type.,False,,,,,,,False,missing,,,,
isPartialLoadAllowed,boolean,,Indication whether the shipper agrees to load part of the shipment in case where not all of the cargo is delivered within cut-off.,True,,,,,,,False,missing,,,,
isPreCoolingRequired,boolean,,Indicator whether reefer container should be pre-cooled to the temperature setting required at time of release from depot,True,,,,,,,False,missing,,,,
isReportableQuantity,boolean,,"Indicates if a container of hazardous material is at the reportable quantity level. If `TRUE`, a report to the relevant authority must be made in case of spill.",False,,,,,,,False,present,isReportableQuantity,datatype_property,Commodity,boolean
isSalvagePackings,boolean,,"Indicates if the cargo has special packaging for the transport, recovery or disposal of damaged, defective, leaking or nonconforming hazardous materials packages, or hazardous materials that have spilled or leaked.",False,,,,,,,False,missing,,,,
isShippedOnBoardType,boolean,,"Specifies whether the Transport document is a received for shipment, or shipped on board.",True,,,,,,,False,missing,,,,
isShipperOwned,boolean,,Indicates whether the container is shipper owned (SOC).,True,,,,,,,False,present,isShipperOwned,datatype_property,Container,boolean
isToBeNotified,boolean,,Used to decide whether the party will be notified of the arrival of the cargo.,True,,,,,,,False,missing,,,,
isToOrder,boolean,,"Indicates whether the B/L is issued `to order` or not. If `true`, the B/L is considered negotiable and an Endorsee party can be defined in the Document parties. If no Endorsee is defined, the B/L is blank endorsed. If `false`, the B/L is considered non-negotiable (also referred to as `straight`). `isToOrder` must be `false` if `transportDocumentTypeCode='SWB'` (Sea Waybill).",False,,,,,,,False,missing,,,,
isVentilationOpen,boolean,,If `true` the ventilation orifice is `Open` - if `false` the ventilation orifice is `closed`,True,,,,,,,False,missing,,,,
isWaste,boolean,,Indicates if waste is being shipped,False,,,,,,,False,missing,,,,
issueDate,string,date,"Local date when the transport document has been issued. Can be omitted on draft transport documents, but must be provided when the document has been issued.",2020-12-12,,,,,,,False,missing,,,,
itNumber,string,,A number issued by U.S. Customs to track any imported goods moving inland from a Port of Discharge. **Condition**: Only applicable to imports into USA that include a `Place of Delivery`.,500XER120,,,20,,,^\S+(\s+\S+)*$,False,missing,,,,
latitude,string,,Geographic coordinate that specifies the north–south position of a point on the Earth&apos;s surface.,+48.858550,,,10,,,"^[\+-][0-9]{1,2}\.[0-9]{1,6}$",False,missing,,,,
locationName,string,,The name of the location.,Port of Amsterdam,,,100,,,^\S+(\s+\S+)*$,False,missing,,,,
longitude,string,,Geographic coordinate that specifies the east–west position of a point on the Earth&apos;s surface.,+2.294492,,,11,,,"^[\+-][0-9]{1,3}\.[0-9]{1,6}$",False,missing,,,,
measuredAirExchange,number,float,The measured value for the air exchange rate which is the rate at which outdoor air replaces indoor air within a Reefer container,15.4,,,,0,,,False,missing,,,,
measuredAmbientTemperature,number,float,The measured value of the ambient temperature of the Reefer.,-15,,,,,,,False,missing,,,,
measuredCo2,number,float,The measured value of the controlled atmosphere `CO<sub>2</sub>` value in percent,75.3,,,,0,100,,False,missing,,,,
measuredHumidity,number,float,The measured value of the controlled atmosphere humidity value in percent,95.6,,,,0,100,,False,missing,,,,
measuredO2,number,float,The measured value of the controlled atmosphere `O<sub>2</sub>` value in percent,75.3,,,,0,100,,False,missing,,,,
measuredTemperature,number,float,The measured value of the temperature of the Reefer,-15,,,,,,,False,missing,,,,
modeOfTransport,string,,The mode of transport as defined by DCSA. The currently supported values include: - VESSEL - RAIL - TRUCK - BARGE,VESSEL,,,50,,,,False,present,modeOfTransport,datatype_property,TransportCall,string
naNumber,string,,"Four-digit number that is assigned to dangerous, hazardous, and harmful substances by the United States Department of Transportation.",9037,,,,,,^\d{4}$,False,missing,,,,
netExplosiveContent,number,float,"The total weight of the explosive substances, without the packaging’s, casings, etc.",2.4,,,,,,,False,missing,,,,
netExplosiveContentUnit,string,,Unit of measure used to describe the `netExplosiveWeight`. Possible values are - KGM (Kilograms) - GRM (Grams),KGM,KGM|GRM,,,,,,False,missing,,,,
netWeight,number,float,"Total weight of the goods carried, excluding packaging.",2.4,,,,,,,False,missing,,,,
netWeightUnit,string,,Unit of measure used to describe the `netWeight`. Possible values are - KGM (Kilograms) - LBR (Pounds),KGM,KGM|LBR,,,,,,False,missing,,,,
nmftaCode,string,,The Standard Carrier Alpha Code (SCAC) provided by NMFTA.,MMCU,,,4,,,^\S+(\s+\S+)*$,False,missing,,,,
numberOfCopies,integer,int32,The requested number of copies of the Transport document to be issued by the carrier. Only applicable for physical documents,2,,,,0,,,False,missing,,,,
numberOfCopiesWithCharges,integer,int32,The requested number of copies of the Transport document to be issued by the carrier including charges. Only applicable for physical (paper) documents,2,,,,0,,,False,missing,,,,
numberOfCopiesWithoutCharges,integer,int32,The requested number of copies of the Transport document to be issued by the carrier **NOT** including charges. Only applicable for physical (paper) documents,2,,,,0,,,False,missing,,,,
numberOfOriginalsWithCharges,integer,int32,Number of originals of the bill of lading that has been requested by the customer with charges. Only applicable for physical documents.,1,,,,0,,,False,missing,,,,
numberOfOriginalsWithoutCharges,integer,int32,Number of originals of the bill of lading that has been requested by the customer without charges. Only applicable for physical documents.,1,,,,0,,,False,missing,,,,
numberOfPackages,integer,int32,Specifies the number of packages associated with this cargo item,18,,,,1,99999,,False,present,numberOfPackages,datatype_property,CargoItem,integer
numberOfRiderPages,integer,int32,The number of additional pages required to contain the goods description on a transport document. Only applicable for physical transport documents.,2,,,,0,,,False,missing,,,,
o2Setpoint,number,float,The percentage of the controlled atmosphere O<sub>2</sub> target value,75.3,,,,0,100,,False,missing,,,,
originChargesPaymentTermCode,string,,"An indicator of whether origin charges are prepaid (PRE) or collect (COL). When prepaid, the charges are the responsibility of the shipper or the Invoice payer on behalf of the shipper (if provided). When collect, the charges are the responsibility of the consignee or the Invoice payer on behalf of the consignee (if provided). Examples of origin charges are customs clearance fees, documentation fees, container packing and loading charges levied at the port of origin to cover the costs of prepari",PRE,PRE|COL,,,,,,False,missing,,,,
packageCode,string,,A code identifying the outer packaging/overpack. `PackageCode` must follow the codes specified in [Recommendation N°21 - Revision 12 Annexes V and VI](https://unece.org/sites/default/files/2021-06/rec21_Rev12e_Annex-V-VI_2021.xls) **Condition:** only applicable to dangerous goods if the `IMO packaging code` is not available.,5H,,,,,,^[A-Z0-9]{2}$,False,present,packageCode,datatype_property,CargoItem,string
packageNameOnBL,string,,To provide package description displayed on the BL,Bags,,,50,,,^\S+(\s+\S+)*$,False,missing,,,,
packingGroup,integer,int32,The packing group according to the UN Recommendations on the Transport of Dangerous Goods and IMO IMDG Code.,3,,,,1,3,,False,present,packingGroup,datatype_property,Commodity,integer
partialLoadAllowed,boolean,,Indication whether the shipper agrees to load part of the shipment in case where not all of the cargo is delivered within cut-off.,True,,,,,,,False,missing,,,,
partyFunction,string,,Specifies the role of the party in a given context. Possible values are: - `OS` (Original shipper) - `CN` (Consignee) - `COW` (Invoice payer on behalf of the consignor (shipper)) - `COX` (Invoice payer on behalf of the consignee) - `MS` (Document/message issuer/sender) - `N1` (First Notify Party) - `N2` (Second Notify Party) - `NI` (Other Notify Party) - `DDR` (Consignor's freight forwarder) - `DDS` (Consignee's freight forwarder) - `HE` (Carrier booking office (transportation office)) - `SCO` (,DDS,,,3,,,,False,missing,,,,
partyName,string,,Name of the party.,Asseco Denmark,,,100,,,^\S+(\s+\S+)*$,False,missing,,,,
paymentTermCode,string,,"An indicator of whether a charge is prepaid (PRE) or collect (COL). When prepaid, the charge is the responsibility of the shipper or the Invoice payer on behalf of the shipper (if provided). When collect, the charge is the responsibility of the consignee or the Invoice payer on behalf of the consignee (if provided). - PRE (Prepaid) - COL (Collect)",PRE,PRE|COL,,,,,,False,missing,,,,
placeOfReceiptPickupDate,string,date,The date when the shipment must be picked up by the carrier at place of receipt. Only applicable when carrier haulage is requested.,2021-05-17,,,,,,,False,missing,,,,
plannedArrivalDate,string,date,The planned date of arrival.,,,,,,,,False,present,plannedArrivalDate,datatype_property,TransportPlanLeg,dateTime
plannedDepartureDate,string,date,The planned date of departure.,,,,,,,,False,present,plannedDepartureDate,datatype_property,TransportPlanLeg,dateTime
portVisitReference,string,,The unique reference that can be used to link different `transportCallReferences` to the same port visit. The reference is provided by the port to uniquely identify a port call,NLRTM1234589,,,50,,,^\S+(\s+\S+)*$,False,missing,,,,
postCode,string,,The post code of the party’s address.,1047 HM,,,50,,,,False,missing,,,,
properShippingName,string,,"The proper shipping name for goods under IMDG Code, or the product name for goods under IBC Code and IGC Code, or the bulk cargo shipping name for goods under IMSBC Code, or the name of oil for goods under Annex I to the MARPOL Convention.","Chromium Trioxide, anhydrous",,,250,,,,False,present,properShippingName,datatype_property,Commodity,string
publicKey,string,,The public key used for a digital signature.,eyJhbGciOiJSUzI1NiIsInR5cCI6IkpXVCIsImtpZCI6IkFzaW,,,500,,,,False,missing,,,,
quantity,number,float,The amount of unit for this charge item.,34.4,,,,0,,,False,missing,,,,
receiptTypeAtOrigin,string,,Indicates the type of service offered at Origin. Options are defined in the Receipt/Delivery entity. - CY (Container yard (incl. rail ramp)) - SD (Store Door) - CFS (Container Freight Station),CY,CY|SD|CFS,,3,,,,False,present,receiptTypeAtOrigin,datatype_property,Booking,string
receivedForShipmentDate,string,date,"Date when the last container linked to the transport document is physically in the terminal (customers cleared against the intended vessel). When provided on a transport document, the transportDocument is a `Received For Shipment` B/L. Exactly one of `shippedOnBoard` and `receiveForShipmentDate` must be provided on an issued B/L.",2020-12-12,,,,,,,False,missing,,,,
reeferExtraMaterial,string,,"spacers, filler, board or dunnage material used to stabilize cargo and ensure optimal airflow inside the Reefer container.",spacers,,,500,,,,False,missing,,,,
reeferProductName,string,,Carrier specific commercial name indicating the technology service offered.,FROZEN,,,500,,,,False,missing,,,,
referenceValue,string,,The actual value of the reference.,HHL00103004,,,100,,,,False,missing,,,,
requestedEquipmentUnits,integer,int32,Number of requested equipment units.,3,,,,1,,,False,missing,,,,
requestedNumberOfOriginals,integer,int32,Number of original copies of the negotiable bill of lading that has been requested by the customer.,4,,,,1,,,False,missing,,,,
returnDescription,string,,Additional instruction on the return process of the container,Please place container...,,,500,,,^\S+(\s+\S+)*$,False,missing,,,,
sadt,number,float,Lowest temperature in which self-accelerating decomposition may occur in a substance,54.1,,,,,,,False,missing,,,,
sapt,number,float,Lowest temperature in which self-accelerating polymerization may occur in a substance,70.0,,,,,,,False,missing,,,,
sealNumber,string,,Identifies a seal affixed to the container.,,,,15,,,,False,present,sealNumber,datatype_property,Container,string
sealSource,string,,"The source of the seal, namely who has affixed the seal. This attribute links to the Seal Source ID defined in the Seal Source reference data entity. Possible values are: - CAR (Carrier) - SHI (Shipper) - PHY (Phytosanitary) - VET (Veterinary) - CUS (Customs) **Condition:** Conditional on type of commodity",CUS,,,5,,,,False,missing,,,,
sealType,string,,The type of seal. This attribute links to the Seal Type ID defined in the Seal Type reference data entity. Possible values are: - KLP (Keyless padlock) - BLT (Bolt) - WIR (Wire),WIR,,,5,,,,False,missing,,,,
sendToPlatform,string,,Indicates the shipper’s platform on which the eBL should be issued. The value **MUST** be one of: - `WAVE` (Wave) - `CARX` (CargoX) - `ESSD` (EssDocs) - `BOLE` (Bolero) - `EDOX` (EdoxOnline) - `IQAX` (IQAX) - `SECR` (Secro) - `TRGO` (TradeGo) **Condition:** Mandatory for electronic Bill of Lading (`isElectronic=TRUE`).,WAVE,,,4,,,,False,missing,,,,
serviceContractReference,string,,"Reference number for agreement between shipper and carrier through which the shipper commits to provide a certain minimum quantity of cargo over a fixed period, and the carrier commits to a certain rate or rate schedule.",HHL51800000,,,30,,,,False,present,serviceContractReference,datatype_property,Booking,string
shipmentCreatedDateTime,string,date-time,The date and time when the shipment was created (equivalent to when the Booking was confirmed).,2021-09-03T09:03:00-02:00,,,,,,,False,missing,,,,
shipmentLocationTypeCode,string,,Links to the Location Type Code defined by DCSA. Possible values are: - PRE (Place of Receipt) - POL (Port of Loading) - POD (Port of Discharge) - PDE (Place of Delivery) - PCF (Pre-carriage From) - OIR (Onward In-land Routing) - DRL (Depot release location) - ORI (Origin of goods) - IEL (Container intermediate export stop off location) - PTP (Prohibited transshipment port) - RTP (Requested transshipment port) - FCD (Full container drop-off location),PRE,,,3,,,,False,present,shipmentLocationTypeCode,datatype_property,Location,string
shipmentUpdatedDateTime,string,date-time,Last date and time when the Shipment was updated.,2021-09-03T09:03:00-02:00,,,,,,,False,missing,,,,
shippedOnBoardDate,string,date,"Date when the last container that is linked to the transport document is physically loaded onboard the vessel indicated on the transport document. When provided on a transport document, the transportDocument is a `Shipped On Board` B/L. Exactly one of `shippedOnBoard` and `receiveForShipmentDate` must be provided on an issued B/L.",2020-12-12,,,,,,,False,present,shippedOnBoardDate,datatype_property,BillOfLading,date
shippingInstructionsCreatedDateTime,string,date-time,Date and time when the `Shipping Instructions` was created,2019-11-12T07:41:00-08:30,,,,,,,False,missing,,,,
shippingInstructionsReference,string,,The identifier for a `Shipping Istructions` provided by the carrier for system purposes.,e0559d83-00e2-438e-afd9-fdd610c1a008,,,100,,,^\S+(\s+\S+)*$,False,missing,,,,
shippingInstructionsUpdatedDateTime,string,date-time,Date and time when the `Shipping Instructions` was updated,2019-11-12T07:41:00-08:30,,,,,,,False,missing,,,,
shippingMark,string,,The identifying details of a package or the actual markings that appear on the package(s). This information is provided by the shipper.,Made in China,,,500,,,,False,missing,,,,
shippingMarks,string,,The identifying details of a package or the actual markings that appear on the package(s). This information is provided by the shipper.,Made in China,,,500,,,,False,missing,,,,
specialCertificateNumber,string,,Text field to indicate certificate number & segment for specific stowage requirements overulling IMDG code,22663:3,,,255,,,,False,missing,,,,
startDate,string,date,The start date of the period for which schedule information is sent. The value is populated in [ISO 8601](https://en.wikipedia.org/wiki/ISO_8601) Date format.,2020-04-06,,,,,,,False,missing,,,,
stateRegion,string,,The state/region of the party’s address.,North Holland,,,65,,,,False,missing,,,,
storageAmount,number,float,"A per-day fee paid for the occupancy of space in, or near, the port (e.g., container yard, terminal), and thus covers the cost incurred by the owner of the space. Reference to facility (or carrier) website.",150.0,,,,0,,,False,missing,,,,
streetName,string,,The name of the street of the party’s address.,Ruijggoordweg,,,100,,,,False,missing,,,,
streetNumber,string,,The number of the street of the party’s address.,100,,,50,,,,False,missing,,,,
submissionDateTime,string,date-time,Date and time of submitting the relevant document and attributes,2019-11-12T07:41:00-08:30,,,,,,,False,missing,,,,
subsidiaryRisk,string,,Any risk in addition to the class of the referenced dangerous goods according to the IMO IMDG Code.,1.2,,,,,,^[0-9](\.[0-9])?$,False,missing,,,,
tareWeight,number,float,The weight of an empty container (gross container weight).,4800.0,,,,0,,,False,present,tareWeight,datatype_property,Container,decimal
taxReference1,string,,The identifying number of the consignee or shipper (Individual or entity) used for tax purposes.,CVR-25645774,,,20,,,,False,missing,,,,
taxReference2,string,,Optional second identifying number of the consignee or shipper (Individual or entity) used for tax purposes.,CVR-25645774,,,20,,,,False,missing,,,,
technicalName,string,,The recognized chemical or biological name or other name currently used for the referenced dangerous goods as described in chapter 3.1.2.8 of the IMDG Code.,,,,250,,,,False,present,technicalName,datatype_property,Commodity,string
temperatureSetpoint,number,float,Target value of the temperature for the Reefer based on the cargo requirement.,-15,,,,,,,False,missing,,,,
temperatureUnit,string,,The unit for temperature in Celsius or Fahrenheit - CEL (Celsius) - FAH (Fahrenheit),CEL,CEL|FAH,,,,,,False,present,temperatureUnit,datatype_property,ReeferContainer,string
termsAndConditions,string,,Carrier terms and conditions of transport.,,,,50000,,,,False,missing,,,,
transportCallReference,string,,A carrier definied reference to a `TransportCall`. In the case the Means of Transport is a `Vessel` and the facility is a `Port`/`Terminal` - this reference should be considered a **Terminal Call Reference**,987e4567,,,100,,,^\S+(\s+\S+)*$,False,missing,,,,
transportCallSequenceNumber,integer,int32,Transport operator&apos;s key that uniquely identifies each individual call. This key is essential to distinguish between two separate calls at the same location within one voyage.,2,,,,,,,False,missing,,,,
transportControlTemperature,number,float,Maximum temperature at which certain substance (such as organic peroxides and self-reactive and related substances) can be safely transported for a prolonged period.,24.1,,,,,,,False,missing,,,,
transportDocumentCreatedDateTime,string,date-time,Date and time when the TransportDocument was created,2019-11-12T07:41:00-08:30,,,,,,,False,missing,,,,
transportDocumentReference,string,,A unique number allocated by the shipping line to the transport document and the main number used for the tracking of the status of the shipment.,HHL71800000,,,20,,,^\S+(\s+\S+)*$,False,present,transportDocumentReference,datatype_property,TransportDocument,string
transportDocumentTypeCode,string,,Specifies the type of the transport document - BOL (Bill of Lading) - SWB (Sea Waybill),SWB,BOL|SWB,,,,,,False,missing,,,,
transportDocumentUpdatedDateTime,string,date-time,Date and time when the TransportDocument was updated,2019-11-12T07:41:00-08:30,,,,,,,False,missing,,,,
transportEmergencyTemperature,number,float,Temperature at which emergency procedures shall be implemented,74.1,,,,,,,False,missing,,,,
transportPlanStage,string,,"Code qualifying a specific stage of transport e.g. pre-carriage, main carriage transport or on-carriage transport - PRC (Pre-Carriage) - MNC (Main Carriage Transport) - ONC (On-Carriage Transport)",PRC,PRC|MNC|ONC,,,,,,False,present,transportPlanStage,datatype_property,TransportCall,string
transportPlanStageSequenceNumber,integer,int32,Sequence number of the transport plan stage,5,,,,,,,False,present,transportPlanStageSequenceNumber,datatype_property,TransportCall,integer
unNumber,string,,United Nations Dangerous Goods Identifier (UNDG) assigned by the UN Sub-Committee of Experts on the Transport of Dangerous Goods and shown in the IMO IMDG.,1463,,,,,,^\d{4}$,False,present,unNumber,datatype_property,Commodity,string
unitPrice,number,float,The unit price of this charge item in the currency of the charge.,3456.6,,,,0,,,False,missing,,,,
universalExportVoyageReference,string,,"A global unique voyage reference for the export Voyage, as per DCSA standard, agreed by VSA partners for the voyage. The voyage reference must match the regular expression pattern: `\d{2}[0-9A-Z]{2}[NEWSR]` - `2 digits` for the year - `2 alphanumeric characters` for the sequence number of the voyage - `1 character` for the direction/haul (`N`orth, `E`ast, `W`est, `S`outh or `R`oundtrip).",2103N,,,,,,^\d{2}[0-9A-Z]{2}[NEWSR]$,False,missing,,,,
universalImportVoyageReference,string,,"A global unique voyage reference for the import Voyage, as per DCSA standard, agreed by VSA partners for the voyage. The voyage reference must match the regular expression pattern: `\d{2}[0-9A-Z]{2}[NEWSR]` - `2 digits` for the year - `2 alphanumeric characters` for the sequence number of the voyage - `1 character` for the direction/haul (`N`orth, `E`ast, `W`est, `S`outh or `R`oundtrip).",2103N,,,,,,^\d{2}[0-9A-Z]{2}[NEWSR]$,False,missing,,,,
universalServiceReference,string,,"A global unique service reference, as per DCSA standard, agreed by VSA partners for the service. The service reference must match the regular expression pattern: `SR\d{5}[A-Z]`. The letters `SR` followed by `5 digits`, followed by a checksum-character as a capital letter from `A to Z`.",SR12345A,,,8,,,^SR\d{5}[A-Z]$,False,missing,,,,
universalVoyageReference,string,,"A global unique voyage reference, as per DCSA standard, agreed by VSA partners for the voyage. The voyage reference must match the regular expression pattern: `\d{2}[0-9A-Z]{2}[NEWSR]` - `2 digits` for the year - `2 alphanumeric characters` for the sequence number of the voyage - `1 character` for the direction/haul (`N`orth, `E`ast, `W`est, `S`outh or `R`oundtrip).",2201N,,,,,,^\d{2}[0-9A-Z]{2}[NEWSR]$,False,missing,,,,
url,string,,URL for the contact,https://www.dcsa.org,,,100,,,^\S+(\s+\S+)*$,False,missing,,,,
vesselCallSign,string,,"A unique alphanumeric identity that belongs to the vessel and is assigned by the International Telecommunication Union (ITU). It consists of a threeletter alphanumeric prefix that indicates nationality, followed by one to four characters to identify the individual vessel. For instance, vessels registered under Denmark are assigned the prefix ranges 5PA-5QZ, OUAOZZ, and XPA-XPZ. The Call Sign changes whenever a vessel changes its flag.",NCVV,,,10,,,^\S+(\s+\S+)*$,False,missing,,,,
vesselCallSignNumber,string,,"A unique alphanumeric identity that belongs to the vessel and is assigned by the International Telecommunication Union (ITU). It consists of a threeletter alphanumeric prefix that indicates nationality, followed by one to four characters to identify the individual vessel. For instance, vessels registered under Denmark are assigned the prefix ranges 5PA-5QZ, OUAOZZ, and XPA-XPZ. The Call Sign changes whenever a vessel changes its flag.",NCVV,,,10,,,^\S+(\s+\S+)*$,False,missing,,,,
vesselDraft,number,float,"The actual draft of the vessel. If the draft is specified in feet (`FOT`) then the decimal part should be concidered as a fraction of a foot and **not** as a number of inches. E.g. 120.5 feet means 120 and a half foot (which would be 120'6"")",12.5,,,,0,,,False,missing,,,,
vesselFlag,string,,The flag of the nation whose laws the vessel is registered under. This is the [ISO 3166](https://www.iso.org/obp/ui/#iso:pub:PUB500001:en) two-letter country code,DE,,,2,,,^\S+$,False,missing,,,,
vesselIMONumber,string,,"The unique reference for a registered Vessel. The reference is the International Maritime Organisation (IMO) number, also sometimes known as the Lloyd&apos;s register code, which does not change during the lifetime of the vessel",9321483,,,7,,,^\d{7}$,False,present,vesselIMONumber,datatype_property,VesselTransportCall,string
vesselLOA,number,float,"The maximum length of a ship's hull measured parallel to the waterline (Length OverAll). If the length is specified in feet (`FOT`) then the decimal part should be concidered as a fraction of a foot and **not** as a number of inches. E.g. 120.5 feet means 120 and a half foot (which would be 120'6"")",245.45,,,,0,,,False,missing,,,,
vesselName,string,,The name of the Vessel given by the Vessel Operator and registered with IMO.,King of the Seas,,,35,,,^\S+(\s+\S+)*$,False,present,vesselName,datatype_property,VesselTransportCall,string
vesselOperatorCarrierCode,string,,The carrier who is in charge of the vessel operation based on either the SMDG or SCAC code lists,MAEU,,,10,,,^\S+(\s+\S+)*$,False,missing,,,,
vesselOperatorCarrierCodeListProvider,string,,Identifies the code list provider used for the operator and partner carriercodes.,NMFTA,SMDG|NMFTA,,,,,,False,missing,,,,
vesselOperatorSMDGLinerCode,string,,The carrier who is in charge of the vessel operation based on the SMDG code,HLC,,,10,,,^\S+(\s+\S+)*$,False,missing,,,,
vesselPartnerCarrierCode,string,,"The identifier of the vessel partner for which the current message is intended. This field allows specifying multiple, `,` (comma) separated values if there is more than one vessel partner involved.","MSCU,HLCU",,10,10,,,,False,missing,,,,
vesselPartnerCarrierCodeListProvider,string,,"Identifies the code list provider used for the vessel operator and partner carrier codes. If `vesselPartnerCarrierCode` is populated, the code list provider field is to be populated as well.",NMFTA,SMDG|NMFTA,,,,,,False,missing,,,,
vesselType,string,,Categorization of ocean-going vessels distinguished by the main cargo the vessel carries. Possible values: - GCGO (General cargo) - CONT (Container) - RORO (RoRo) - CARC (Car carrier) - PASS (Passenger) - FERY (Ferry) - BULK (Bulk) - TANK (Tanker) - LGTK (Liquefied gas tanker) - ASSI (Assistance) - PILO (Pilot boat),CONT,GCGO|CONT|RORO|CARC|PASS|FERY|BULK|TANK|LGTK|ASSI|PILO,,,,,,False,missing,,,,
vesselWidth,number,float,"Overall width of the ship measured at the widest point of the nominal waterline. If the width is specified in feet (`FOT`) then the decimal part should be concidered as a fraction of a foot and **not** as a number of inches. E.g. 120.5 feet means 120 and a half foot (which would be 120'6"")",37.33,,,,0,,,False,missing,,,,
volume,number,float,"Calculated by multiplying the width, height, and length of the packed cargo.",12.0,,,,0,,,False,present,volume,datatype_property,CargoItem,decimal
volumeUnit,string,,The unit of measure which can be expressed in either imperial or metric terms - FTQ (Cubic foot) - MTQ (Cubic meter),MTQ,MTQ|FTQ,,,,,,False,missing,,,,
volumeUnitDG,string,,The unit of measure which can be expressed in either imperial or metric terms - FTQ (Cubic foot) - MTQ (Cubic meter) - LTR (Litre),MTQ,MTQ|FTQ|LTR,,,,,,False,missing,,,,
weight,number,float,The total weight of the cargo including packaging items being carried in the container(s). Excludes the tare weight of the container(s).,13000.3,,,,0,,,False,present,weight,datatype_property,CargoItem,decimal
weightUnit,string,,The unit of measure which can be expressed in imperial or metric terms - KGM (Kilograms) - LBR (Pounds),KGM,KGM|LBR,,,,,,False,missing,,,,
